bug_id,bug_description,buggy_code,patch_diff,tests_pass
pandas-56-v0_llama-0,UNKNOWN,UNKNOWN,"```python
def _get_value(self, index, col, takeable: bool = False):
    """"""
    Quickly retrieve single value at passed column and index.

    Parameters
    ----------
    index : row label
    col : column label
    takeable : interpret the index/col as indexers, default False

    Returns
    -------
    scalar
    """"""
    if takeable:
        series = self._iget_item_cache(col)
        return series.iloc[index]

    series = self._get_item_cache(col)
    engine = self.index._engine

    try:
        loc = engine.get_loc(index)
        return series.iloc[loc]
    except KeyError:
        # GH 20629
        if self.index.nlevels > 1:
            # partial indexing forbidden
            raise

    # we cannot handle direct indexing
    # use positional
    col = self.columns.get_loc(col)
    index = self.index.get_loc(index)
    return self._get_value(index, col, takeable=True)
```",
pandas-56-v0_llama-1,UNKNOWN,UNKNOWN,"```python
def _get_value(self, index, col, takeable: bool = False):
    """"""
    Quickly retrieve single value at passed column and index.

    Parameters
    ----------
    index : row label
    col : column label
    takeable : interpret the index/col as indexers, default False

    Returns
    -------
    scalar
    """"""
    if takeable:
        series = self._iget_item_cache(col)
        return series.iloc[index]

    series = self._get_item_cache(col)
    engine = self.index._engine

    try:
        loc = engine.get_loc(index)
        return series.iloc[loc]
    except KeyError:
        # GH 20629
        if self.index.nlevels > 1:
            # partial indexing forbidden
            raise

    # we cannot handle direct indexing
    # use positional
    col = self.columns.get_loc(col)
    index = self.index.get_loc(index)
    return self._get_value(index, col, takeable=True)
```",
pandas-56-v0_llama-2,UNKNOWN,UNKNOWN,"```python
def _get_value(self, index, col, takeable: bool = False):
    """"""
    Quickly retrieve single value at passed column and index.

    Parameters
    ----------
    index : row label
    col : column label
    takeable : interpret the index/col as indexers, default False

    Returns
    -------
    scalar
    """"""
    if takeable:
        series = self._iget_item_cache(col)
        return series.iloc[index]

    series = self._get_item_cache(col)
    engine = self.index._engine

    try:
        loc = engine.get_loc(index)
        return series.iloc[loc]
    except KeyError:
        # GH 20629
        if self.index.nlevels > 1:
            # partial indexing forbidden
            raise

    # we cannot handle direct indexing
    # use positional
    col = self.columns.get_loc(col)
    index = self.index.get_loc(index)
    return self._get_value(index, col, takeable=True)
```",
pandas-56-v0_llama-3,UNKNOWN,UNKNOWN,"```python
def _get_value(self, index, col, takeable: bool = False):
    """"""
    Quickly retrieve single value at passed column and index.

    Parameters
    ----------
    index : row label
    col : column label
    takeable : interpret the index/col as indexers, default False

    Returns
    -------
    scalar
    """"""
    if takeable:
        series = self._iget_item_cache(col)
        return series.iloc[index]

    series = self._get_item_cache(col)
    engine = self.index._engine

    try:
        loc = engine.get_loc(index)
        return series.iloc[loc]
    except KeyError:
        # GH 20629
        if self.index.nlevels > 1:
            # partial indexing forbidden
            raise

    # we cannot handle direct indexing
    # use positional
    col = self.columns.get_loc(col)
    index = self.index.get_loc(index)
    return self._get_value(index, col, takeable=True)
```",
pandas-56-v0_llama-4,UNKNOWN,UNKNOWN,"```python
def _get_value(self, index, col, takeable: bool = False):
    """"""
    Quickly retrieve single value at passed column and index.

    Parameters
    ----------
    index : row label
    col : column label
    takeable : interpret the index/col as indexers, default False

    Returns
    -------
    scalar
    """"""
    if takeable:
        series = self._iget_item_cache(col)
        return series.iloc[index]

    series = self._get_item_cache(col)
    engine = self.index._engine

    try:
        loc = engine.get_loc(index)
        return series.iloc[loc]
    except KeyError:
        # GH 20629
        if self.index.nlevels > 1:
            # partial indexing forbidden
            raise

    # we cannot handle direct indexing
    # use positional
    col = self.columns.get_loc(col)
    index = self.index.get_loc(index)
    return self.iat[index, col]
```",
pandas-56-v0_llama-5,UNKNOWN,UNKNOWN,"```python
def _get_value(self, index, col, takeable: bool = False):
    """"""
    Quickly retrieve single value at passed column and index.

    Parameters
    ----------
    index : row label
    col : column label
    takeable : interpret the index/col as indexers, default False

    Returns
    -------
    scalar
    """"""
    if takeable:
        series = self._iget_item_cache(col)
        return series.iloc[index]

    series = self._get_item_cache(col)
    engine = self.index._engine

    try:
        loc = engine.get_loc(index)
        return series.iloc[loc]
    except KeyError:
        # GH 20629
        if self.index.nlevels > 1:
            # partial indexing forbidden
            raise

    # we cannot handle direct indexing
    # use positional
    col = self.columns.get_loc(col)
    index = self.index.get_loc(index)
    return self._get_value(index, col, takeable=True)
```",
pandas-56-v0_llama-6,UNKNOWN,UNKNOWN,"```python
def _get_value(self, index, col, takeable: bool = False):
    """"""
    Quickly retrieve single value at passed column and index.

    Parameters
    ----------
    index : row label
    col : column label
    takeable : interpret the index/col as indexers, default False

    Returns
    -------
    scalar
    """"""
    if takeable:
        if isinstance(col, str):
            series = self._iget_item_cache(col)
        else:
            series = self.iloc[:, col]
        return series._values[index]

    series = self._get_item_cache(col)
    engine = self.index._engine

    try:
        loc = engine.get_loc(index)
        return series._values[loc]
    except KeyError:
        # GH 20629
        if self.index.nlevels > 1:
            # partial indexing forbidden
            raise

    # we cannot handle direct indexing
    # use positional
    col = self.columns.get_loc(col)
    index = self.index.get_loc(index)
    return self._get_value(index, col, takeable=True)
```",
pandas-56-v0_llama-7,UNKNOWN,UNKNOWN,"```python
def _get_value(self, index, col, takeable: bool = False):
    """"""
    Quickly retrieve single value at passed column and index.

    Parameters
    ----------
    index : row label
    col : column label
    takeable : interpret the index/col as indexers, default False

    Returns
    -------
    scalar
    """"""
    if takeable:
        series = self._iget_item_cache(col)
        return series.iloc[index]

    series = self._get_item_cache(col)
    engine = self.index._engine

    try:
        loc = engine.get_loc(index)
        return series.iloc[loc]
    except KeyError:
        # GH 20629
        if self.index.nlevels > 1:
            # partial indexing forbidden
            raise

    # we cannot handle direct indexing
    # use positional
    col = self.columns.get_loc(col)
    index = self.index.get_loc(index)
    return self.iat[index, col]
```",
pandas-56-v0_llama-8,UNKNOWN,UNKNOWN,"### Step-by-step analysis of the problem:
1. **Understanding the Issue**: The bug arises from the fact that when `takeable` is `False`, the function attempts to get the value at the specified `index` and `col` using `self._get_item_cache(col)`. However, if the column names are not unique (i.e., there are duplicate column names), this approach fails because `self._get_item_cache(col)` will return the first occurrence of the column with the specified name, which may not be the intended column if there are duplicates.

2. **Identifying the Error Location**: The error occurs in the line where it tries to get the `loc` using `engine.get_loc(index)`. If the column is not unique and `takeable` is `False`, `series` will be the first column with the matching name, not necessarily the one intended by the `col` index passed to the function.

3. **Cause of the Bug**: The cause of the bug is the lack of handling for duplicate column names when `takeable` is `False`. The current implementation does not account for this scenario, leading to incorrect results or errors when attempting to access values.

4. **Strategy for Fixing the Bug**: To fix this bug, we need to modify the function so that it correctly handles duplicate column names. When `takeable` is `False`, we should directly use the `col` index to get the correct series, regardless of whether the column names are unique or not.

### Fixed solution:
```python
def _get_value(self, index, col, takeable: bool = False):
    """"""
    Quickly retrieve single value at passed column and index.

    Parameters
    ----------
    index : row label
    col : column label
    takeable : interpret the index/col as indexers, default False

    Returns
    -------
    scalar
    """"""
    if takeable:
        series = self._iget_item_cache(col)
        return com.maybe_box_datetimelike(series._values[index])

    # Get the column using the column index directly
    # This ensures we get the correct column even with duplicates
    col_index = self.columns.get_loc(col)
    series = self.iloc[:, col_index]
    
    # Use the index to get the value from the series
    loc = self.index.get_loc(index)
    return series._values[loc]
```

### Explanation of changes:
- **Direct Column Access**: Instead of using `self._get_item_cache(col)` which might return the first occurrence of a column with the specified name, we directly access the column using its index `col_index` obtained from `self.columns.get_loc(col)`. This ensures we get the correct column even when there are duplicates.
- **Simplified Value Retrieval**: With the correct series obtained, we then use `self.index.get_loc(index)` to find the location of the row index and retrieve the value from the series using this location.

### Tests and example uses:
The provided test functions, especially `test_iat_dont_wrap_object_datetimelike`, should be used to verify the correctness of the fixed solution. Additionally, creating DataFrames with duplicate column names and testing the `_get_value` method with different `index` and `col` values can help ensure the fix is robust.",
pandas-56-v0_llama-9,UNKNOWN,UNKNOWN,"```python
def _get_value(self, index, col, takeable: bool = False):
    """"""
    Quickly retrieve single value at passed column and index.

    Parameters
    ----------
    index : row label
    col : column label
    takeable : interpret the index/col as indexers, default False

    Returns
    -------
    scalar
    """"""
    if takeable:
        series = self._iget_item_cache(col)
        return series.iloc[index]

    series = self._get_item_cache(col)
    engine = self.index._engine

    try:
        loc = engine.get_loc(index)
        return series.iloc[loc]
    except KeyError:
        # GH 20629
        if self.index.nlevels > 1:
            # partial indexing forbidden
            raise

    # we cannot handle direct indexing
    # use positional
    col = self.columns.get_loc(col)
    index = self.index.get_loc(index)
    return self.iloc[index, col]
```",
