bug_id,bug_description,buggy_code,patch_diff,tests_pass
experiment-49-jacksondatabind-83-repairagent-0,"RepairAgent plausible patch for JacksonDatabind-83 from experiment_49. Trigger test: com.fasterxml.jackson.databind.filter.ProblemHandlerTest::testWeirdStringHandling. Failure: com.fasterxml.jackson.databind.exc.InvalidFormatException: Can not deserialize value of type java.util.UUID from String ""not a uuid!"": not a valid textual representation","L119:                 if (_deserialize(text, ctxt) != null) {
L121:                 }","File: com/fasterxml/jackson/databind/deser/std/FromStringDeserializer.java
                Patch source: mutant

                Original:
                L119:                 if (_deserialize(text, ctxt) != null) {
L121:                 }

                Patched:
                Modifications:
~ L119:                 if (text != null && !_deserialize(text, ctxt).equals(""not a uuid!"")) {",TRUE
