compiles,passes_tests,semantic_correctness,confidence,explanation,bug_id,ground_truth_test
YES,YES,5,5,"The fix explicitly converts input to float32 upfront, resolving type casting errors during subtraction while maintaining original functionality. This addresses the root cause directly and matches standard preprocessing practices.",keras-25-v0_llama-0,
YES,UNKNOWN,5,4,"The patch code is syntactically correct and accurately implements the specified preprocessing for 'tf', 'torch', and 'caffe' modes, correctly handling data formats and array dimensions as described in the docstring.",keras-25-v0_llama-1,
YES,UNKNOWN,5,4,The patch correctly handles channel reversal for 'caffe' mode based on data format and applies appropriate normalization. Semantic logic aligns with standard preprocessing practices for specified modes.,keras-25-v0_llama-2,
YES,UNKNOWN,5,5,"The code correctly handles different preprocessing modes (caffe, tf, torch) by adjusting color channels, scaling, and normalization as specified. Each mode's requirements for BGR conversion, mean subtraction, and standard deviation scaling are implemented accurately.",keras-25-v0_llama-3,
YES,UNKNOWN,5,5,"The patch correctly resolves the type casting issue by converting the input to float32 early, ensuring compatibility with floating-point operations without altering the intended functionality.",keras-25-v0_llama-4,
YES,UNKNOWN,4,3,"The patch is syntactically correct and implements standard image preprocessing logic for tf, torch, and caffe modes with proper data format handling, but without the original bug or tests, its effectiveness is uncertain.",keras-25-v0_llama-5,
YES,UNKNOWN,4,4,"The patch adds float32 conversion to prevent numpy errors during mean subtraction, which is a standard fix for handling integer inputs in image preprocessing.",keras-25-v0_llama-6,
YES,YES,5,5,"The patch correctly converts input to float32 upfront, resolving the dtype casting error while preserving the intended preprocessing logic. The added test case validates this fix.",keras-25-v0_llama-7,
YES,UNKNOWN,5,4,"The patch converts the input array to float32 at the beginning, which directly prevents type mismatch errors when subtracting floating-point values from integer arrays, effectively addressing the described bug.",keras-25-v0_llama-8,
YES,UNKNOWN,5,4,"The patch compiles without syntax errors and correctly implements the preprocessing logic for tf, torch, and caffe modes as per the docstring, handling data formats appropriately.",keras-25-v0_llama-9,
