compiles,passes_tests,semantic_correctness,confidence,explanation,bug_id,ground_truth_test
YES,UNKNOWN,3,3,"The code handles three cases (None, path-like, writable stream) but may have inefficiencies opening/closing the file repeatedly and dynamic sys.stderr lookup. Structural logic is sound but lacks context to verify deeper correctness.",pysnooper-3-vall_gpt-0,
NO,UNKNOWN,1,5,"The code references sys.stderr but does not import sys, causing a NameError.",pysnooper-3-vall_gpt-1,
UNKNOWN,UNKNOWN,4,4,"The patch logically handles different output types (None, path-like strings, writable streams) with appropriate write functions. Potential issues depend on undefined imports (e.g., sys, pycompat, utils) and assumptions about type checks, but the structure is sound.",pysnooper-3-vall_gpt-2,
YES,YES,5,5,"The patch corrects a variable name typo from 'output_path' to 'output' in the file open call, resolving a NameError and ensuring the output file is properly accessed as intended.",pysnooper-3-vall_gpt-3,
YES,UNKNOWN,5,5,"The patch fixes a critical NameError by correcting 'output_path' to 'output' in the file open call, resolving a runtime error. This appears semantically correct for the given code structure.",pysnooper-3-vall_gpt-4,
YES,YES,5,5,"Fixes NameError by using correct variable name 'output' when opening file, properly implements append-mode file writing for path/string outputs. No functional regressions apparent.",pysnooper-3-vall_gpt-5,
YES,YES,5,5,"The patch corrects a variable name from 'output_path' to 'output' in the file open call, aligning with the parameter name. This fixes potential NameErrors and ensures proper file handling when output is a string/path.",pysnooper-3-vall_gpt-6,
YES,UNKNOWN,5,4,"Fix corrects variable name typo from 'output_path' to 'output' in file open context, resolving potential NameError. Semantic validity is high but testing impact depends on broader context.",pysnooper-3-vall_gpt-7,
NO,NO,1,4,"Code references sys.stderr without importing sys, causing NameError. Functions defined in conditional blocks may not properly close over variables due to Python's late binding behavior.",pysnooper-3-vall_gpt-8,
NO,NO,1,5,The code contains syntax errors due to incorrect indentation of statements under function definitions (stderr assignments and file operations are not properly indented within write functions).,pysnooper-3-vall_gpt-9,
